{
    "00690P": {
        "index_mean": 5777.687833333333,
        "ratio": 0.0038000783877587476,
        "price_mean": 21.955666666666666
    },
    "0051P": {
        "index_mean": 7895.801166666668,
        "ratio": 0.004059900444554845,
        "price_mean": 32.05616666666667
    },
    "006203P": {
        "index_mean": 404.18199999999996,
        "ratio": 0.09458362816750872,
        "price_mean": 38.229000000000006
    },
    "00701P": {
        "index_mean": 5751.712666666665,
        "ratio": 0.003649463713358885,
        "price_mean": 20.990666666666662
    },
    "006208P": {
        "index_mean": 8192.559333333335,
        "ratio": 0.005842374531882141,
        "price_mean": 47.864000000000004
    },
    "006201P": {
        "index_mean": 186.49133333333336,
        "ratio": 0.07719125464275373,
        "price_mean": 14.3955
    },
    "006204P": {
        "index_mean": 10835.503333333336,
        "ratio": 0.004968081778080759,
        "price_mean": 53.83166666666667
    },
    "00713P": {
        "index_mean": 5140.746833333333,
        "ratio": 0.005946477102338016,
        "price_mean": 30.56933333333333
    },
    "00692P": {
        "index_mean": 6158.341666666666,
        "ratio": 0.0034890615844904134,
        "price_mean": 21.486833333333333
    },
    "0053P": {
        "index_mean": 709.6825000000001,
        "ratio": 0.05096762754236342,
        "price_mean": 36.170833333333334
    },
    "0052P": {
        "index_mean": 10719.346833333335,
        "ratio": 0.005281183099449108,
        "price_mean": 56.610833333333325
    },
    "0058P": {
        "index_mean": 8628.706833333334,
        "ratio": 0.005327893764536868,
        "price_mean": 45.972833333333334
    },
    "0050P": {
        "index_mean": 8192.559333333335,
        "ratio": 0.01005271938219713,
        "price_mean": 82.3575
    },
    "0057P": {
        "index_mean": 404.18199999999996,
        "ratio": 0.12501587568636574,
        "price_mean": 50.52916666666667
    },
    "0056P": {
        "index_mean": 6041.955666666668,
        "ratio": 0.0042812848621254914,
        "price_mean": 25.867333333333338
    }
}