{
    "006204P": {
        "ratio": 0.006504651248093165,
        "index_mean": 6769.526234537959,
        "price_mean": 44.033407270486755
    },
    "00713P": {
        "ratio": 0.0060071813241834495,
        "index_mean": 5088.111492537314,
        "price_mean": 30.56520833333333
    },
    "0052P": {
        "ratio": 0.005281183001554658,
        "index_mean": 7012.077298937786,
        "price_mean": 37.03206343673754
    },
    "0051P": {
        "ratio": 0.004096623329018088,
        "index_mean": 6903.7719575113815,
        "price_mean": 28.282153259361994
    },
    "00692P": {
        "ratio": 0.004024639018219296,
        "index_mean": 5289.748381088825,
        "price_mean": 21.28932773109244
    },
    "006201P": {
        "ratio": 0.07608884515953548,
        "index_mean": 157.34908026030368,
        "price_mean": 11.972509803921568
    },
    "0058P": {
        "ratio": 0.004806938590653736,
        "index_mean": 7137.828474212035,
        "price_mean": 34.31110314615691
    },
    "0057P": {
        "ratio": 0.12168969108000559,
        "index_mean": 284.6863308028525,
        "price_mean": 34.6433916500994
    },
    "0053P": {
        "ratio": 0.06235116424121319,
        "index_mean": 417.60355971128604,
        "price_mean": 26.038068139273676
    },
    "0050P": {
        "ratio": 0.010158609404437897,
        "index_mean": 5636.272621287128,
        "price_mean": 57.25669205658325
    },
    "00701P": {
        "ratio": 0.0037644262288671145,
        "index_mean": 5446.715111111111,
        "price_mean": 20.503757225433525
    },
    "00690P": {
        "ratio": 0.0038903415361600177,
        "index_mean": 5473.073936507936,
        "price_mean": 21.29212686567164
    },
    "006203P": {
        "ratio": 0.10659888060119828,
        "index_mean": 284.6863308028525,
        "price_mean": 30.347244186046513
    },
    "0056P": {
        "ratio": 0.0041106069027945814,
        "index_mean": 5689.259559455587,
        "price_mean": 23.386309616888195
    },
    "006208P": {
        "ratio": 0.006707880608442042,
        "index_mean": 5636.272621287128,
        "price_mean": 37.80744382022472
    }
}